file,scene,source_page,license,artist
web_0027.jpg,充电位-燃油占位,,,
web_0086.jpg,充电位-充电中(可见充电枪/桩),,,
web_0158.jpg,"停泊-燃油(街景/停车场,无充电位上下文)",,,
web_0163.jpg,"停泊-燃油(街景/停车场,无充电位上下文)",,,
web_0164.jpg,"停泊-新能源(街景/停车场,无充电位上下文)",,,
web_0173.jpg,"停泊-新能源(街景/停车场,无充电位上下文)",,,
web_0175.jpg,"停泊-新能源(街景/停车场,无充电位上下文)",,,
web_0180.jpg,"停泊-新能源(街景/停车场,无充电位上下文)",,,
web_0183.jpg,"停泊-新能源(街景/停车场,无充电位上下文)",,,
web_0187.jpg,"停泊-新能源(街景/停车场,无充电位上下文)",,,
web_0189.jpg,"停泊-燃油(街景/停车场,无充电位上下文)",,,
web_0190.jpg,"停泊-燃油(街景/停车场,无充电位上下文)",,,
web_0193.jpg,"停泊-燃油(街景/停车场,无充电位上下文)",,,
web_0210.jpg,"停泊-新能源(街景/停车场,无充电位上下文)",,,
web_0223.jpg,"停泊-新能源(街景/停车场,无充电位上下文)",,,
web_0225.jpg,"停泊-新能源(街景/停车场,无充电位上下文)",,,
web_0243.jpg,"停泊-燃油(街景/停车场,无充电位上下文)",,,
web_0250.jpg,"停泊-新能源(街景/停车场,无充电位上下文)",,,
web_0258.jpg,"停泊-新能源(街景/停车场,无充电位上下文)",,,
web_0270.jpg,"停泊-新能源(街景/停车场,无充电位上下文)",,,
web_0272.jpg,"停泊-新能源(街景/停车场,无充电位上下文)",,,
web_0279.jpg,"停泊-新能源(街景/停车场,无充电位上下文)",,,
web_0288.jpg,"停泊-新能源(街景/停车场,无充电位上下文)",,,
web_0291.jpg,"停泊-新能源(街景/停车场,无充电位上下文)",,,
web_0292.jpg,"停泊-新能源(街景/停车场,无充电位上下文)",,,
web_0294.jpg,"停泊-新能源(街景/停车场,无充电位上下文)",,,
web_0298.jpg,"停泊-新能源(街景/停车场,无充电位上下文)",,,
web_0299.jpg,"停泊-新能源(街景/停车场,无充电位上下文)",,,
web_0307.jpg,"停泊-新能源(街景/停车场,无充电位上下文)",,,
web_0312.jpg,"停泊-新能源(街景/停车场,无充电位上下文)",,,
web_0313.jpg,"停泊-新能源(街景/停车场,无充电位上下文)",,,
web_0314.jpg,"停泊-新能源(街景/停车场,无充电位上下文)",,,
web_0330.jpg,停泊-新能源(地下车库),,,
web_0333.jpg,"停泊-新能源(街景/停车场,无充电位上下文)",,,
web_0335.jpg,"停泊-新能源(街景/停车场,无充电位上下文)",,,
web_0337.jpg,"停泊-新能源(街景/停车场,无充电位上下文)",,,
web_0343.jpg,"停泊-新能源(街景/停车场,无充电位上下文)",,,
web_0347.jpg,"停泊-新能源(街景/停车场,无充电位上下文)",,,
web_0353.jpg,"停泊-新能源(街景/停车场,无充电位上下文)",,,
web_0373.jpg,"停泊-新能源(街景/停车场,无充电位上下文)",,,
web_0376.jpg,"停泊-新能源(街景/停车场,无充电位上下文)",,,
web_0388.jpg,"停泊-新能源(街景/停车场,无充电位上下文)",,,
web_0390.jpg,"停泊-新能源(街景/停车场,无充电位上下文)",,,
web_0394.jpg,"停泊-新能源(街景/停车场,无充电位上下文)",,,
web_0402.jpg,"停泊-新能源(街景/停车场,无充电位上下文)",,,
web_0421.jpg,"停泊-新能源(街景/停车场,无充电位上下文)",,,
web_0462.jpg,"停泊-新能源(街景/停车场,无充电位上下文)",,,
web_0464.jpg,"停泊-新能源(街景/停车场,无充电位上下文)",,,
web_0466.jpg,"停泊-新能源(街景/停车场,无充电位上下文)",,,
web_0474.jpg,"停泊-新能源(街景/停车场,无充电位上下文)",,,
web_0477.jpg,"停泊-新能源(街景/停车场,无充电位上下文)",,,
web_0487.jpg,"停泊-新能源(街景/停车场,无充电位上下文)",,,
web_0488.jpg,"停泊-新能源(街景/停车场,无充电位上下文)",,,
web_0498.jpg,"停泊-燃油(街景/停车场,无充电位上下文)",,,
web_0500.jpg,"停泊-新能源(街景/停车场,无充电位上下文)",,,
web_0501.jpg,"停泊-新能源(街景/停车场,无充电位上下文)",,,
web_0507.jpg,"停泊-新能源(街景/停车场,无充电位上下文)",,,
web_0514.jpg,"停泊-新能源(街景/停车场,无充电位上下文)",,,
web_0528.jpg,"停泊-新能源(街景/停车场,无充电位上下文)",,,
web_0530.jpg,"停泊-新能源(街景/停车场,无充电位上下文)",,,
web_0531.jpg,"停泊-新能源(街景/停车场,无充电位上下文)",,,
web_0538.jpg,"停泊-燃油(街景/停车场,无充电位上下文)",,,
web_0540.jpg,"停泊-燃油(街景/停车场,无充电位上下文)",,,
web_0546.jpg,"停泊-新能源(街景/停车场,无充电位上下文)",,,
web_0563.jpg,"停泊-新能源(街景/停车场,无充电位上下文)",,,
web_0564.jpg,"停泊-新能源(街景/停车场,无充电位上下文)",,,
web_0566.jpg,"停泊-新能源(街景/停车场,无充电位上下文)",,,
web_0567.jpg,"停泊-新能源(街景/停车场,无充电位上下文)",,,
web_0570.jpg,"停泊-新能源(街景/停车场,无充电位上下文)",,,
web_0572.jpg,"停泊-新能源(街景/停车场,无充电位上下文)",,,
web_0579.jpg,"停泊-新能源(街景/停车场,无充电位上下文)",,,
web_0581.jpg,"停泊-燃油(街景/停车场,无充电位上下文)",,,
web_0582.jpg,"停泊-新能源(街景/停车场,无充电位上下文)",,,
web_0586.jpg,"停泊-新能源(街景/停车场,无充电位上下文)",,,
web_0587.jpg,"停泊-新能源(街景/停车场,无充电位上下文)",,,
web_0588.jpg,"停泊-新能源(街景/停车场,无充电位上下文)",,,
web_0594.jpg,"停泊-燃油(街景/停车场,无充电位上下文)",,,
web_0595.jpg,"停泊-燃油(街景/停车场,无充电位上下文)",,,
web_0596.jpg,"停泊-新能源(街景/停车场,无充电位上下文)",,,
web_0598.jpg,"停泊-新能源(街景/停车场,无充电位上下文)",,,
web_0656.jpg,"停泊-新能源(街景/停车场,无充电位上下文)",https://commons.wikimedia.org/wiki/File:Voyah_Zhuiguang_20240114.jpg,CC0,Evnerd
web_0657.jpg,"停泊-新能源(街景/停车场,无充电位上下文)",https://commons.wikimedia.org/wiki/File:Voyah_Zhuiguang_L_001.jpg,CC0,JustAnotherCarDesigner
web_0658.jpg,"停泊-新能源(街景/停车场,无充电位上下文)",https://commons.wikimedia.org/wiki/File:Voyah_Zhuiguang_L_002.jpg,CC0,JustAnotherCarDesigner
web_0663.jpg,"停泊-新能源(街景/停车场,无充电位上下文)",https://commons.wikimedia.org/wiki/File:2022_Avatr_11_(front).jpg,CC BY-SA 4.0,User3204
web_0676.jpg,"停泊-燃油(街景/停车场,无充电位上下文)",https://commons.wikimedia.org/wiki/File:Avatr_11_001.jpg,CC BY-SA 4.0,Elizbeth smith
web_0679.jpg,"停泊-新能源(街景/停车场,无充电位上下文)",https://commons.wikimedia.org/wiki/File:Avatr_11_006.jpg,CC BY-SA 4.0,JustAnotherCarDesigner
web_0685.jpg,"停泊-新能源(街景/停车场,无充电位上下文)",https://commons.wikimedia.org/wiki/File:Avatr_12_016.jpg,CC0,JustAnotherCarDesigner
web_0688.jpg,"停泊-新能源(街景/停车场,无充电位上下文)",https://commons.wikimedia.org/wiki/File:Avatr_12_image01.jpg,CC0,H4 boxer
web_0692.jpg,"停泊-新能源(街景/停车场,无充电位上下文)",https://commons.wikimedia.org/wiki/File:Deepal_G318_003.jpg,CC0,JustAnotherCarDesigner
web_0694.jpg,"停泊-新能源(街景/停车场,无充电位上下文)",https://commons.wikimedia.org/wiki/File:Deepal_G318_005.jpg,CC0,Zoerides
web_0696.jpg,"停泊-新能源(街景/停车场,无充电位上下文)",https://commons.wikimedia.org/wiki/File:Deepal_G318_008.jpg,CC0,Quzhouliulian
web_0700.jpg,"停泊-新能源(街景/停车场,无充电位上下文)",https://commons.wikimedia.org/wiki/File:Deepal_L07_003.jpg,CC0,JustAnotherCarDesigner
web_0703.jpg,"停泊-新能源(街景/停车场,无充电位上下文)",https://commons.wikimedia.org/wiki/File:Deepal_L07_006.jpg,CC0,JustAnotherCarDesigner
web_0706.jpg,"停泊-新能源(街景/停车场,无充电位上下文)",https://commons.wikimedia.org/wiki/File:Deepal_S09_004.jpg,CC0,JustAnotherCarDesigner
web_0714.jpg,"停泊-新能源(街景/停车场,无充电位上下文)",https://commons.wikimedia.org/wiki/File:Shenlan_SL03_011.jpg,CC BY-SA 4.0,JustAnotherCarDesigner
web_0718.jpg,"停泊-新能源(街景/停车场,无充电位上下文)",https://commons.wikimedia.org/wiki/File:Shenlan_SL03_IMG001.jpg,CC BY-SA 4.0,Zotyefan
web_0721.jpg,"停泊-新能源(街景/停车场,无充电位上下文)",https://commons.wikimedia.org/wiki/File:Leapmotor_B01_009.jpg,CC0,JustAnotherCarDesigner
web_0729.jpg,"停泊-新能源(街景/停车场,无充电位上下文)",https://commons.wikimedia.org/wiki/File:Leapmotor_C10_006.jpg,CC0,JustAnotherCarDesigner
web_0737.jpg,"停泊-新能源(街景/停车场,无充电位上下文)",https://commons.wikimedia.org/wiki/File:Leapmotor_C16_007.jpg,CC0,JustAnotherCarDesigner
web_0738.jpg,"停泊-新能源(街景/停车场,无充电位上下文)",https://commons.wikimedia.org/wiki/File:Leapmotor_C16_009.jpg,CC0,JustAnotherCarDesigner
web_0739.jpg,"停泊-新能源(街景/停车场,无充电位上下文)",https://commons.wikimedia.org/wiki/File:Leapmotor_C16_012.jpg,CC0,Quzhouliulian
web_0744.jpg,"停泊-新能源(街景/停车场,无充电位上下文)",https://commons.wikimedia.org/wiki/File:Leapmotor_S01_IMG003.jpg,CC BY-SA 4.0,Anonymousfox36
web_0751.jpg,"停泊-燃油(街景/停车场,无充电位上下文)",https://commons.wikimedia.org/wiki/File:VOLKSWAGEN_PHIDEON_China.jpg,CC BY-SA 4.0,Dinkun Chen
web_0753.jpg,"停泊-燃油(街景/停车场,无充电位上下文)",https://commons.wikimedia.org/wiki/File:VOLKSWAGEN_PHIDEON_China_(11).jpg,CC BY-SA 4.0,Dinkun Chen
web_0755.jpg,"停泊-燃油(街景/停车场,无充电位上下文)",https://commons.wikimedia.org/wiki/File:VOLKSWAGEN_PHIDEON_China_(13).jpg,CC BY-SA 4.0,Dinkun Chen
web_0757.jpg,"停泊-燃油(街景/停车场,无充电位上下文)",https://commons.wikimedia.org/wiki/File:VOLKSWAGEN_PHIDEON_China_(15).jpg,CC BY-SA 4.0,Dinkun Chen
web_0758.jpg,"停泊-燃油(街景/停车场,无充电位上下文)",https://commons.wikimedia.org/wiki/File:VOLKSWAGEN_PHIDEON_China_(17).jpg,CC BY-SA 4.0,Dinkun Chen
web_0760.jpg,"停泊-燃油(街景/停车场,无充电位上下文)",https://commons.wikimedia.org/wiki/File:VOLKSWAGEN_PHIDEON_China_(19).jpg,CC BY-SA 4.0,Dinkun Chen
web_0764.jpg,"停泊-燃油(街景/停车场,无充电位上下文)",https://commons.wikimedia.org/wiki/File:VOLKSWAGEN_PHIDEON_China_(22).jpg,CC BY-SA 4.0,Dinkun Chen
web_0765.jpg,"停泊-燃油(街景/停车场,无充电位上下文)",https://commons.wikimedia.org/wiki/File:VOLKSWAGEN_PHIDEON_China_(3).jpg,CC BY-SA 4.0,Dinkun Chen
web_0767.jpg,"停泊-燃油(街景/停车场,无充电位上下文)",https://commons.wikimedia.org/wiki/File:VOLKSWAGEN_PHIDEON_China_(5).jpg,CC BY-SA 4.0,Dinkun Chen
web_0768.jpg,"停泊-燃油(街景/停车场,无充电位上下文)",https://commons.wikimedia.org/wiki/File:VOLKSWAGEN_PHIDEON_China_(6).jpg,CC BY-SA 4.0,Dinkun Chen
web_0769.jpg,"停泊-燃油(街景/停车场,无充电位上下文)",https://commons.wikimedia.org/wiki/File:VOLKSWAGEN_PHIDEON_China_(7).jpg,CC BY-SA 4.0,Dinkun Chen
web_0770.jpg,"停泊-燃油(街景/停车场,无充电位上下文)",https://commons.wikimedia.org/wiki/File:VOLKSWAGEN_PHIDEON_China_(8).jpg,CC BY-SA 4.0,Dinkun Chen
web_0777.jpg,"停泊-燃油(街景/停车场,无充电位上下文)",https://commons.wikimedia.org/wiki/File:Volkswagen_Phideon_police_car.jpg,CC BY-SA 4.0,Zidongcheyanshe
web_0780.jpg,"停泊-燃油(街景/停车场,无充电位上下文)",https://commons.wikimedia.org/wiki/File:HONDA_CR-V_FIFTH_GENERATION_China_(4).jpg,CC BY-SA 4.0,Dinkun Chen
web_0781.jpg,"停泊-燃油(街景/停车场,无充电位上下文)",https://commons.wikimedia.org/wiki/File:HONDA_CR-V_FOURTH_GENERATION_China_(10).jpg,CC BY-SA 4.0,Dinkun Chen
web_0782.jpg,"停泊-燃油(街景/停车场,无充电位上下文)",https://commons.wikimedia.org/wiki/File:HONDA_CR-V_FOURTH_GENERATION_China_(11).jpg,CC BY-SA 4.0,Dinkun Chen
web_0784.jpg,"停泊-燃油(街景/停车场,无充电位上下文)",https://commons.wikimedia.org/wiki/File:HONDA_CR-V_FOURTH_GENERATION_China_(21).jpg,CC BY-SA 4.0,Dinkun Chen
web_0785.jpg,"停泊-燃油(街景/停车场,无充电位上下文)",https://commons.wikimedia.org/wiki/File:HONDA_CR-V_FOURTH_GENERATION_China_(3).jpg,CC BY-SA 4.0,Dinkun Chen
web_0786.jpg,"停泊-燃油(街景/停车场,无充电位上下文)",https://commons.wikimedia.org/wiki/File:HONDA_CR-V_FOURTH_GENERATION_China_(4).jpg,CC BY-SA 4.0,Dinkun Chen
web_0787.jpg,"停泊-燃油(街景/停车场,无充电位上下文)",https://commons.wikimedia.org/wiki/File:HONDA_CR-V_FOURTH_GENERATION_China_(42).jpg,CC BY-SA 4.0,Dinkun Chen
web_0788.jpg,"停泊-燃油(街景/停车场,无充电位上下文)",https://commons.wikimedia.org/wiki/File:HONDA_CR-V_FOURTH_GENERATION_China_(43).jpg,CC BY-SA 4.0,Dinkun Chen
web_0790.jpg,"停泊-燃油(街景/停车场,无充电位上下文)",https://commons.wikimedia.org/wiki/File:HONDA_CR-V_FOURTH_GENERATION_China_(51).jpg,CC BY-SA 4.0,Dinkun Chen
web_0791.jpg,"停泊-燃油(街景/停车场,无充电位上下文)",https://commons.wikimedia.org/wiki/File:HONDA_CR-V_FOURTH_GENERATION_China_(56).jpg,CC BY-SA 4.0,Dinkun Chen
web_0793.jpg,"停泊-燃油(街景/停车场,无充电位上下文)",https://commons.wikimedia.org/wiki/File:HONDA_CR-V_FOURTH_GENERATION_China_(62).jpg,CC BY-SA 4.0,Dinkun Chen
web_0794.jpg,"停泊-燃油(街景/停车场,无充电位上下文)",https://commons.wikimedia.org/wiki/File:HONDA_CR-V_FOURTH_GENERATION_China_(7).jpg,CC BY-SA 4.0,Dinkun Chen
web_0797.jpg,"停泊-燃油(街景/停车场,无充电位上下文)",https://commons.wikimedia.org/wiki/File:HONDA_CR-V_HYBRID_FIFTH_GENERATION_China_(2).jpg,CC BY-SA 4.0,Dinkun Chen
web_0798.jpg,"停泊-燃油(街景/停车场,无充电位上下文)",https://commons.wikimedia.org/wiki/File:HONDA_CR-V_SIXTH_GENERATION_China_(2).jpg,CC BY-SA 4.0,Dinkun Chen
web_0801.jpg,"停泊-燃油(街景/停车场,无充电位上下文)",https://commons.wikimedia.org/wiki/File:HONDA_CR-V_SIXTH_GENERATION_China_(3).jpg,CC BY-SA 4.0,Dinkun Chen
web_0803.jpg,"停泊-燃油(街景/停车场,无充电位上下文)",https://commons.wikimedia.org/wiki/File:HONDA_CR-V_SIXTH_GENERATION_China_(39).jpg,CC BY-SA 4.0,Dinkun Chen
web_0806.jpg,"停泊-燃油(街景/停车场,无充电位上下文)",https://commons.wikimedia.org/wiki/File:HONDA_CR-V_SIXTH_GENERATION_China_(51).jpg,CC BY-SA 4.0,Dinkun Chen
web_0807.jpg,"停泊-燃油(街景/停车场,无充电位上下文)",https://commons.wikimedia.org/wiki/File:HONDA_CR-V_SIXTH_GENERATION_China_(6).jpg,CC BY-SA 4.0,Dinkun Chen
web_0810.jpg,"停泊-燃油(街景/停车场,无充电位上下文)",https://commons.wikimedia.org/wiki/File:BUICK_EXCELLE_(J200)_China.jpg,CC BY-SA 4.0,Dinkun Chen
web_0811.jpg,"停泊-燃油(街景/停车场,无充电位上下文)",https://commons.wikimedia.org/wiki/File:BUICK_EXCELLE_(J200)_China_(10).jpg,CC BY-SA 4.0,Dinkun Chen
web_0812.jpg,"停泊-燃油(街景/停车场,无充电位上下文)",https://commons.wikimedia.org/wiki/File:BUICK_EXCELLE_(J200)_China_(11).jpg,CC BY-SA 4.0,Dinkun Chen
web_0813.jpg,"停泊-燃油(街景/停车场,无充电位上下文)",https://commons.wikimedia.org/wiki/File:BUICK_EXCELLE_(J200)_China_(12).jpg,CC BY-SA 4.0,Dinkun Chen
web_0814.jpg,"停泊-燃油(街景/停车场,无充电位上下文)",https://commons.wikimedia.org/wiki/File:BUICK_EXCELLE_(J200)_China_(13).jpg,CC BY-SA 4.0,Dinkun Chen
web_0815.jpg,"停泊-燃油(街景/停车场,无充电位上下文)",https://commons.wikimedia.org/wiki/File:BUICK_EXCELLE_(J200)_China_(14).jpg,CC BY-SA 4.0,Dinkun Chen
web_0817.jpg,"停泊-燃油(街景/停车场,无充电位上下文)",https://commons.wikimedia.org/wiki/File:BUICK_EXCELLE_(J200)_China_(16).jpg,CC BY-SA 4.0,Dinkun Chen
web_0820.jpg,"停泊-燃油(街景/停车场,无充电位上下文)",https://commons.wikimedia.org/wiki/File:BUICK_EXCELLE_(J200)_China_(2).jpg,CC BY-SA 4.0,Dinkun Chen
web_0821.jpg,"停泊-燃油(街景/停车场,无充电位上下文)",https://commons.wikimedia.org/wiki/File:BUICK_EXCELLE_(J200)_China_(3).jpg,CC BY-SA 4.0,Dinkun Chen
web_0822.jpg,"停泊-燃油(街景/停车场,无充电位上下文)",https://commons.wikimedia.org/wiki/File:BUICK_EXCELLE_(J200)_China_(4).jpg,CC BY-SA 4.0,Dinkun Chen
web_0823.jpg,"停泊-燃油(街景/停车场,无充电位上下文)",https://commons.wikimedia.org/wiki/File:BUICK_EXCELLE_(J200)_China_(5).jpg,CC BY-SA 4.0,Dinkun Chen
web_0824.jpg,"停泊-燃油(街景/停车场,无充电位上下文)",https://commons.wikimedia.org/wiki/File:BUICK_EXCELLE_(J200)_China_(6).jpg,CC BY-SA 4.0,Dinkun Chen
web_0825.jpg,"停泊-燃油(街景/停车场,无充电位上下文)",https://commons.wikimedia.org/wiki/File:BUICK_EXCELLE_(J200)_China_(7).jpg,CC BY-SA 4.0,Dinkun Chen
web_0826.jpg,"停泊-燃油(街景/停车场,无充电位上下文)",https://commons.wikimedia.org/wiki/File:BUICK_EXCELLE_(J200)_China_(8).jpg,CC BY-SA 4.0,Dinkun Chen
web_0827.jpg,"停泊-燃油(街景/停车场,无充电位上下文)",https://commons.wikimedia.org/wiki/File:BUICK_EXCELLE_(J200)_China_(9).jpg,CC BY-SA 4.0,Dinkun Chen
web_0831.jpg,"停泊-燃油(街景/停车场,无充电位上下文)",https://commons.wikimedia.org/wiki/File:BUICK_EXCELLE_XT_China.jpg,CC BY-SA 4.0,Dinkun Chen
web_0832.jpg,"停泊-燃油(街景/停车场,无充电位上下文)",https://commons.wikimedia.org/wiki/File:BUICK_EXCELLE_XT_China_(2).jpg,CC BY-SA 4.0,Dinkun Chen
web_0833.jpg,"停泊-燃油(街景/停车场,无充电位上下文)",https://commons.wikimedia.org/wiki/File:BUICK_EXCELLE_XT_China_(3).jpg,CC BY-SA 4.0,Dinkun Chen
web_0836.jpg,"停泊-燃油(街景/停车场,无充电位上下文)",https://commons.wikimedia.org/wiki/File:Buick_Excelle_II_001.jpg,CC BY-SA 4.0,Jengtingchen
web_0844.jpg,"停泊-燃油(街景/停车场,无充电位上下文)",https://commons.wikimedia.org/wiki/File:Nissan_Bluebird_Sylphy_G11_Shishi_01_2022-05-23.jpg,CC BY-SA 4.0,JamesYoung8167
web_0846.jpg,"停泊-燃油(街景/停车场,无充电位上下文)",https://commons.wikimedia.org/wiki/File:Nissan_Bluebird_Sylphy_G11_facelift_Shishi_01_2022-05-20.jpg,CC BY-SA 4.0,JamesYoung8167
web_0855.jpg,"停泊-燃油(街景/停车场,无充电位上下文)",https://commons.wikimedia.org/wiki/File:Nissan_Sylphy_B17_Facelift_Shishi_01_2022-02-23.jpg,CC BY-SA 4.0,JamesYoung8167
web_0857.jpg,"停泊-燃油(街景/停车场,无充电位上下文)",https://commons.wikimedia.org/wiki/File:Nissan_Sylphy_B17_Shishi_01_2022-05-18.jpg,CC BY-SA 4.0,JamesYoung8167
web_0863.jpg,"停泊-燃油(街景/停车场,无充电位上下文)",https://commons.wikimedia.org/wiki/File:Nissan_Sylphy_Classic_G11_Longyan_01_2022-08-05.jpg,CC BY-SA 4.0,JamesYoung8167
web_0869.jpg,"停泊-燃油(街景/停车场,无充电位上下文)",https://commons.wikimedia.org/wiki/File:2013_SAIC-Volkswagen_Cross_Lavida_(front).jpg,CC BY-SA 4.0,User3204
web_0870.jpg,"停泊-燃油(街景/停车场,无充电位上下文)",https://commons.wikimedia.org/wiki/File:2018_SAIC-Volkswagen_Lavida_(front).jpg,CC BY-SA 4.0,User3204
web_0871.jpg,"停泊-燃油(街景/停车场,无充电位上下文)",https://commons.wikimedia.org/wiki/File:VOLKSWAGEN_LAVIDA_FIRST_GENERATION_China.jpg,CC BY-SA 4.0,Dinkun Chen
web_0872.jpg,"停泊-燃油(街景/停车场,无充电位上下文)",https://commons.wikimedia.org/wiki/File:VOLKSWAGEN_LAVIDA_FIRST_GENERATION_China_(13).jpg,CC BY-SA 4.0,Dinkun Chen
web_0873.jpg,"停泊-燃油(街景/停车场,无充电位上下文)",https://commons.wikimedia.org/wiki/File:VOLKSWAGEN_LAVIDA_FIRST_GENERATION_China_(30).jpg,CC BY-SA 4.0,Dinkun Chen
web_0875.jpg,"停泊-燃油(街景/停车场,无充电位上下文)",https://commons.wikimedia.org/wiki/File:VOLKSWAGEN_LAVIDA_QIHANG_(VOLKSWAGEN_LAVIDA_SECOND_GENERATION).jpg,CC BY-SA 4.0,Dinkun Chen
web_0876.jpg,"停泊-燃油(街景/停车场,无充电位上下文)",https://commons.wikimedia.org/wiki/File:VOLKSWAGEN_LAVIDA_QIHANG_(VOLKSWAGEN_LAVIDA_SECOND_GENERATION)_(2).jpg,CC BY-SA 4.0,Dinkun Chen
web_0878.jpg,"停泊-燃油(街景/停车场,无充电位上下文)",https://commons.wikimedia.org/wiki/File:VOLKSWAGEN_LAVIDA_SECOND_GENERATION_China_(18).jpg,CC BY-SA 4.0,Dinkun Chen
web_0879.jpg,"停泊-燃油(街景/停车场,无充电位上下文)",https://commons.wikimedia.org/wiki/File:VOLKSWAGEN_LAVIDA_SECOND_GENERATION_China_(39).jpg,CC BY-SA 4.0,Dinkun Chen
web_0881.jpg,"停泊-燃油(街景/停车场,无充电位上下文)",https://commons.wikimedia.org/wiki/File:VOLKSWAGEN_LAVIDA_THIRD_GENERATION_China_(43).jpg,CC BY-SA 4.0,Dinkun Chen
web_0882.jpg,"停泊-燃油(街景/停车场,无充电位上下文)",https://commons.wikimedia.org/wiki/File:VOLKSWAGEN_LAVIDA_THIRD_GENERATION_China_(46).jpg,CC BY-SA 4.0,Dinkun Chen
web_0886.jpg,"停泊-燃油(街景/停车场,无充电位上下文)",https://commons.wikimedia.org/wiki/File:VOLKSWAGEN_LAVIDA_XR_(3).jpg,CC BY-SA 4.0,Dinkun Chen
web_0890.jpg,"停泊-燃油(街景/停车场,无充电位上下文)",https://commons.wikimedia.org/wiki/File:Volkswagen_Lavida_III_facelift_001.jpg,CC0,JustAnotherCarDesigner
web_0891.jpg,"停泊-燃油(街景/停车场,无充电位上下文)",https://commons.wikimedia.org/wiki/File:Volkswagen_Lavida_III_facelift_IMG001.jpg,CC BY-SA 4.0,Zotyefan
web_0893.jpg,"停泊-燃油(街景/停车场,无充电位上下文)",https://commons.wikimedia.org/wiki/File:Volkswagen_Lavida_III_facelift_IMG01.jpg,CC BY-SA 4.0,Quzhouliulian
web_0895.jpg,"停泊-燃油(街景/停车场,无充电位上下文)",https://commons.wikimedia.org/wiki/File:Volkswagen_Lavida_II_Shishi_01_2022-06-11.jpg,CC BY-SA 4.0,JamesYoung8167
web_0899.jpg,"停泊-燃油(街景/停车场,无充电位上下文)",https://commons.wikimedia.org/wiki/File:TOYOTA_CAMRY_(XV30)_China_(2).jpg,CC BY-SA 4.0,Dinkun Chen
